,duration,rates
0,50,2.400905913997027
1,51,2.400905913997027
2,52,2.400905913997027
3,53,2.400905913997027
4,54,2.400905913997027
5,55,2.400905913997027
6,56,2.400905913997027
7,57,2.400905913997027
8,58,2.400905913997027
