,duration,rates
0,50,1.5669153477145832
1,51,1.5560289041485966
2,52,1.57043741005892
3,53,1.5630274849083396
4,54,1.5585690402099819
5,55,1.5667695662218752
6,56,1.5664157077332836
7,57,1.5722561456233497
8,58,1.5903251913216352
